RazaoSocial,UF,TotalDespesas,MediaDespesasTrimestre,DesvioPadraoDespesas
UNIMED DE CIANORTE - COOPERATIVA DE TRABALHO MEDICO ,PR,42810878352.979996,792794043.5737036,3292629813.5337396
AMIL ASSISTÃNCIA MÃDICA INTERNACIONAL S.A.,SP,37569198566.75,248802639.51490065,740657945.6687614
NOTRE DAME INTERMÃDICA SAÃDE S.A.,SP,16726628727.14,145448945.4533913,410173901.018959
HAPVIDA ASSISTENCIA MEDICA S.A.,CE,16360662935.57,65181924.04609562,249473175.26321903
UNIMED FRANCISCO BELTRAO COOPERATIVA DE TRABALHO MEDICO,PR,15279278729.87,228048936.26671642,1152475185.398248
CAIXA DE ASSISTÃNCIA DOS FUNCIONÃRIOS DO BANCO DO BRASIL,DF,12190498575.79,225749973.62574077,662721306.7459111
BRADESCO SAÃDE - OPERADORA DE PLANOS  S/A,SP,8943310696.55,745275891.3791666,868756955.0319036
ASSOCIAÃÃO PETROBRAS DE SAÃDE - APS,RJ,8147006607.32,543133773.8213333,1116853491.833213
UNIMED BELO HORIZONTE COOPERATIVA DE TRABALHO MÃDICO,MG,5319728211.46,19775941.30654275,58677045.19111767
UNIMED PORTO ALEGRE - COOPERATIVA MÃDICA LTDA.,RS,3901880565.13,19509402.82565,48689095.67787923
FUNDAÃÃO SAÃDE ITAÃ,MG,3817544386.81,181787827.94333333,268324998.74324635
OMINT SERVIÃOS DE SAÃDE S.A.,SP,3655389017.57,50073822.158493154,155758829.9736954
UNIMED CURITIBA - SOCIEDADE COOPERATIVA DE MÃDICOS,PR,3629779806.67,18425278.2064467,47730657.07180519
GRUPO HOSPITALAR DO RIO DE JANEIRO LTDA,RJ,3525388699.92,40521709.19448276,119983948.10301341
POSTAL SAÃDE CAIXA DE ASSISTÃNCIA E SAÃDE DOS EMPREGADOS DOS CORREIOS,DF,3421419413.09,58989989.88086207,218952272.02677593
SERV  SOCIAL AUTÃNOMO DE ASSIST Ã SAÃDE DOS SERV PÃBLICOS E MILITARES DE GOIÃS,GO,3072319062.36,128013294.265,432936298.6189559
UNIMED DO ESTADO DE SÃO PAULO - FEDERAÃÃO ESTADUAL DAS COOP. MÃDICAS,SP,2938130962.05,51546157.22894737,111630388.08519503
UNIMED CAMPINAS - COOPERATIVA DE TRABALHO MÃDICO,SP,2898577341.51,17253436.556607146,51819050.26447194
FUNDAÃÃO CESP,SP,2699198045.07,77119944.14485715,158375992.40694788
UNIMED DO EST. DO RJ FEDERAÃÃO EST. DAS COOPERATIVAS MÃDICAS,RJ,2428556693.03,75892396.6571875,102212081.67136402
MEDISERVICE OPERADORA DE PLANOS DE SAÃDE S.A.,SP,2368947454.24,65804095.95111111,95651884.40623444
SAMEDIL SERVIÃOS DE ATENDIMENTO MÃDICO S/A,ES,2281170899.68,81470389.2742857,142291089.38765284
CAIXA BENEFICENTE DOS FUNCIONARIOS DO BANCO DO ESTADO DE SÃO PAULO,SP,2041637535.1799998,34027292.253,91146916.90509076
UNIMED VITORIA COOPERATIVA DE TRABALHO MEDICO,ES,1973200325.76,14402922.085839417,33075358.82776218
UNIMED GRANDE FLORIANÃPOLIS-COOPERATIVA DE TRABALHO MEDICO,SC,1889537887.2,7712399.539591837,21584523.14366014
UNIMED RECIFE COOPERATIVA DE TRABALHO MÃDICO,PE,1862895645.92,38018278.48816327,84913730.29146846
NOTRE DAME INTERMÃDICA MINAS GERAIS SAÃDE S.A.,CE,1814165315.27,10994941.304666666,38215672.04341412
UNIMED DO ESTADO DO PARANÃ FEDERAÃÃO ESTADUAL DAS COOPERATIVAS MÃDICAS,PR,1505488361.91,7965546.888412699,24790049.82888765
UNIMED SAO JOSÃ DO RIO PRETO - COOP. DE TRABALHO MÃDICO,SP,1406517059.3500001,12230583.12478261,36751074.423713535
FUNDAÃÃO SÃO FRANCISCO XAVIER,MG,1375517875.78,21833617.075873014,46211048.916345626
SANTA HELENA ASSISTÃNCIA MÃDICA S/A.,SP,1369900198.35,20145591.15220588,38548048.42661884
CLINIPAM CLINICA PARANAENSE DE ASSISTENCIA MEDICA LTDA,CE,1270766428.13,9012527.859078014,23370588.59543731
UNIMED DO ESTADO DE SANTA CATARINA FED. EST. DAS COOP. MÃD.,SC,1251410305.66,5766867.768018434,16117139.364339055
ODONTOPREV S/A,SP,1246057086.85,33677218.56351351,97101205.87636103
UNIMED LITORAL COOPERATIVA DE TRABALHO MÃDICO LTDA,SC,1239632816.18,13474269.741086958,34646227.765227325
UNIMED SOROCABA COOPERATIVA DE TRABALHO MÃDICO,SP,1232808854.22,26800192.48304348,48066943.01611449
CENTRO TRASMONTANO DE SAO PAULO,SP,1204969704.83,57379509.75380952,77356309.47678563
UNIMED-SÃO GONÃALO - NITERÃI - SOC.COOP.SERV.MED E HOSP LTDA,RJ,1168966583.43,10254092.837105263,24417736.619470123
UNIMED SERRA GAUCHA/RS COOPERATIVA DE ASSISTENCIA A SAUDE LTDA,RS,1124066438.1,9860231.913157893,21705578.25897456
UNIMED DE LONDRINA COOPERATIVA DE TRABALHO MÃDICO,PR,1120948756.72,8896418.704126984,17363998.903735906
UNIMED DE JOINVILLE COOPERATIVA DE TRABALHO MÃDICO,SC,1100175496.72,11958429.312173914,26044251.824027874
UNIMED DE BAURU COOPERATIVA DE TRABALHO MÃDICO,SP,1049268966.39,4163765.739642857,14838051.252773937
UNIMED DE RIBEIRAO PRETO - COOPERATIVA DE TRABALHO MÃDICO,SP,1034471330.79,14992338.127391303,26745002.176013485
UNIMED REGIONAL MARINGÃ COOP.DE TRABALHO MÃDICO,PR,1027629101.06,7236824.655352112,16843204.75633182
UNIMED BLUMENAU - COOPERATIVA DE TRABALHO MEDICO,SC,1026436437.58,5210337.246598985,15696122.531919863
ASSOCIAÃÃO DE BENEFICÃNCIA E FILANTROPIA SÃO CRISTOVÃO,SP,1002972985.62,20895270.53375,47619197.24843844
CEMIG SAÃDE,MG,966542440.7900001,46025830.513809524,114065346.91426486
UNIMED DE PIRACICABA SOCIEDADE COOPERATIVA DE SERVIÃOS MÃDICOS,SP,910010265.66,4008855.795859031,9642343.951938005
UNIMED UBERLÃNDIA COOPERATIVA REGIONAL TRABALHO MÃDICO LTDA,MG,878981832.2,8702790.417821784,21138643.92507527
UNIMED SAO JOSE DOS CAMPOS - COOPERATIVA DE TRABALHO MEDICO,SP,878910947.71,7918116.646036036,21399429.22450472
UNIMED JUIZ DE FORA COOPERATIVA DE TRABALHO MÃDICO LTDA,MG,827763414.63,4138817.07315,12460454.834565585
ASSOCIAÃÃO SANTA CASA SAÃDE DE SÃO JOSÃ DOS CAMPOS,SP,823979791.86,27465993.062,59567676.17499469
REAL GRANDEZA - FUNDAÃÃO DE PREVIDÃNCIA E ASSISTÃNCIA SOCIAL,RJ,771384340.8100001,10149793.958026316,26592050.814046774
PASA - PLANO DE ASSISTENCIA A SAUDE DO APOSENTADO DA VALE,RJ,769069721.42,36622367.68666667,98221528.86900552
UNIMED - COOPERATIVA DE SERVIÃOS DE SAÃDE DOS VALES DO TAQUARI E RIO PARDO LTDA.,RS,768391227.11,6003056.461796875,9628195.918045873
UNIMED DE MACAÃ COOPERATIVA DE ASSISTÃNCIA Ã SAÃDE,RJ,764030151.1999999,9095597.038095238,20963322.37042299
UNIMED DE SANTOS COOP DE TRAB MEDICO,SP,753410759.54,5795467.381076923,13646753.328023626
UNIMED VALE DO SINOS - COOPERATIVA DE ASSISTÃNCIA Ã SAÃDE LTDA,RS,748592202.29,8506729.571477272,21783565.514333915
UNIMED DE VOLTA REDONDA COOPERATIVA DE TRABALHO MÃDICO,RJ,706011195.04,9805711.042222222,20312060.517665364
UNIMED DE SANTA BÃRBARA D'OESTE E AMERICANA - COOP DE TRABALHO MÃDICO,SP,665393200.05,5454042.623360655,13968226.821601026
ALICE OPERADORA LTDA.,SP,654594677.14,18702705.061142858,26289626.341170106
UNIMED MACEIO COOPERATIVA DE TRABALHO MÃDICO,AL,650968896.14,4120056.304683544,10747854.28256
FUNDAÃÃO COPEL DE PREVIDÃNCIA E ASSISTÃNCIA SOCIAL,PR,642800138.53,19478792.076666664,47517584.80272107
HUMANA SAÃDE LTDA.,PR,620478768.04,4772913.600307692,11460686.586989483
ECONOMUS INSTITUTO DE SEGURIDADE SOCIAL,SP,617324370.8100001,14698199.305000002,30439239.954883795
LEVE SAUDE OPERADORA DE PLANOS DE SAUDE S.A,RJ,593759470.79,8482278.154142857,16187392.806043228
SAMEL PLANO DE SAÃDE LTDA,AM,576070572.51,48005881.0425,75420005.52510406
UNIMED CHAPECÃ - COOPERATIVA DE TRABALHO MÃDICO DA REGIÃO OESTE CATARINENSE,SC,575132303.85,9428398.423770493,20195181.408718973
COOPERATIVA CENTRAL UNIMED DE COOPERATIVAS DE ASSISTÃNCIA Ã SAÃDE DO RIO GRANDE DO SUL LTDA.,RS,574730479.38,4597843.83504,15320554.27153386
UNIMED SÃO CARLOS - COOPERATIVA DE TRABALHO MÃDICO,SP,569214452.53,6941639.665,13357493.487867251
SOBAM CENTRO MÃDICO HOSPITALAR S.A.,SP,567294255.8199999,8595367.512424242,23477040.47536988
ASSOCIACAO DOS AUDITORES FISCAIS DA RECEITA ESTADUAL DE SAO PAULO,SP,566091712.79,29794300.673157893,70014328.93344684
METRUS INSTITUTO DE SEGURIDADE SOCIAL,SP,565962629.13,26950601.387142856,69185859.5299025
ASSOCIAÃÃO SANTA SAÃDE,SP,561760144.5600001,12483558.768000001,25696814.441122368
CAIXA DE PREVIDÃNCIA E ASSISTÃNCIA DOS SERVIDORES DA FUNDAÃÃO NACIONAL DE SAÃDE - CAPESESP,RJ,544873028.4,32051354.611764703,76665155.13175906
UNIMED UBERABA COOPERATIVA DE TRABALHO MEDICO LTDA.,MG,535962513.97,4220177.275354331,10768535.037427422
UNIMED NOVA FRIBURGO-SOC.COOP.SERV.MED.HOSP.LTDA.,RJ,529725681.33,5045006.488857143,8042430.765185707
UNIMED DE ARARAQUARA - COOP. DE TRAB. MÃDICO,SP,523765477.46,10269911.322745098,20252653.599222843
FUNDAÃÃO CHESF DE ASSISTÃNCIA E SEGURIDADE SOCIAL,PE,514631906.24,17154396.87466667,53337916.341807164
UNIMED DE CASCAVEL COOPERATIVA DE TRABALHO MÃDICO,PR,513828119.88,4671164.726181818,9848591.5027352
ASSOCIAÃÃO DE SAÃDE PORTUGUESA DE BENEFICÃNCIA,SP,504677174.07,18691747.187777776,19153049.64545139
UNIMED PONTA GROSSA COOPERATIVA DE TRABALHO MEDICO,PR,503439868.42,6139510.590487805,11076080.676312441
UNIMED DE CRICIÃMA COOPERATIVA DE TRABALHO MÃDICO DA REGIÃO CARBONÃFERA,SC,490478929.51,2151223.3750438597,9789510.388543855
UNIMED SERGIPE - COOPERATIVA DE TRABALHO MÃDICO,SE,488936063.6,6697754.295890411,14760740.692600967
UNIMED SUL CAPIXABA COOPERATIVA DE TRABALHO MÃDICO,ES,484806094.37,4530898.0782242995,14189545.749594612
UNIMED FRANCA - SOCIEDADE COOPERATIVA DE SERVIÃOS MÃDICOS E HOSPITALARES,SP,482717703.97999996,2652295.0768131865,7735141.352069204
UNIMED CARUARU-COOPERATIVA DE TRABALHO MEDICO,PE,480483475.83,6963528.635217391,15434887.404536678
AMPLA PLANOS DE SAUDE LTDA,RJ,474281905.32000005,59285238.16500001,72281530.74194637
UNIMED VALE DO SÃO FRANCISCO COOPERATIVA DE TRABALHO MÃDICO,PE,467970736.99,4824440.587525773,10943678.788218997
UNIMED JUNDIAI - COOPERATIVA DE TRABALHO MÃDICO,SP,465768378.64,3817773.595409836,10924529.31206672
ALVORECER - ASSOCIAÃÃO DE SOCORROS MÃTUOS,SP,465398684.47999996,31026578.96533333,35273389.68171805
PROMÃDICA - PROTEÃÃO MEDICA A EMPRESAS S.A.,BA,456661887.08,30444125.80533333,48717192.00905413
"SERVIÃO SOCIAL DA INDÃSTRIA DO PAPEL, PAPELÃO E CORTIÃA DO ESTADO DE SÃO PAULO - SEPACO",SP,448229393.58,24901632.976666667,40666945.72372639
UNIMED DE ARACATUBA - COOPERATIVA DE TRABALHO MÃDICO,SP,436866986.35,4200644.099519231,12601619.35864541
KLINI PLANOS DE SAÃDE LTDA,RJ,433143044.13,28876202.941999998,41160489.726624765
CIRCULO OPERARIO CAXIENSE,RS,429463961.84,5726186.157866666,10318379.01773571
CAIXA DE ASSISTÃNCIA Ã SAÃDE - CABERJ,RJ,422716922.27,7288222.79775862,18686907.486104414
AUSTACLINICAS ASSISTÃNCIA MÃDICA E HOSPITALAR LTDA,SP,422421220.8,6034588.868571429,10769063.210968785
INTEGRA ASSISTENCIA MEDICA SA,SP,416455711.71999997,52056963.964999996,75421078.63002226
2CARE OPERADORA DE SAÃDE LTDA.,SP,411890291.79,10046104.677804878,21020832.018475823
UNIMED DE PRESIDENTE PRUDENTE COOPERATIVA DE TRAB. MÃDICO,SP,404933400.22,2664035.527763158,5140849.188052694
UNIMED DO CEARÃ - FEDERAÃÃO DAS SOCIEDADES COOPERATIVAS MÃDICAS DO ESTADO DO CEARÃ LTDA.,CE,388081859.1,10780051.641666668,20517047.391593628
UNIMED DE GUARULHOS COOPERATIVA DE TRABALHO MÃDICO,SP,386164943.9,3940458.6112244898,9413920.222000971
ASSOCIAÃÃO DR. BARTHOLOMEU TACCHINI,RS,385258838.49,5927059.053692308,13122403.427243086
FUNDAÃÃO CELESC DE SEGURIDADE SOCIAL - CELOS,SC,385102402.81,7702048.0562,19152885.185300685
ABERTTA SAÃDE - ASSOCIAÃÃO BENEFICENTE DOS EMPREGADOS DA ARCELORMITTAL NO BRASIL,MG,380795151.59999996,5858386.947692307,13569799.432155393
UNIMED PLANALTO MÃDIO/RS - COOPERATIVA DE ASSISTÃNCIA Ã SAÃDE LTDA.,RS,379874434.17,7597488.6834,10772961.480966952
UNIMED DIVINOPOLIS - COOPERATIVA DE TRABALHO MEDICO LTDA,MG,379825439.16,2583846.5248979595,8487676.22026709
ASSOCIAÃÃO EVANGELICA BENEFICENTE DE LONDRINA,PR,374044535.17,3463375.325648148,8153215.784870206
UNIMED RONDONOPOLIS COOPERATIVA DE TRABALHO MÃDICO LTDA,MT,373690596.1,2559524.630821918,9065017.546375254
UNIMED DE TUBARAO - COOPERATIVA DE TRABALHO MEDICO DA REGIAO DA AMUREL,SC,370353152.25,1824399.764778325,6180800.381080139
UNIMED DE CAMPOS COOPERATIVA DE TRABALHO MÃDICO,RJ,360737051.94,6012284.199,11293631.424926197
UNIMED SALTO/ITU - COOPERATIVA MÃDICA,SP,359802129.46,2154503.769221557,6250710.658927478
UNIMED SANTA MARIA/RS - COOPERATIVA DE ASSISTÃNCIA Ã SAÃDE LTDA,RS,342540864.69,3531349.120515464,11601931.031399742
S.P.A SAUDE- SISTEMA DE PROMOÃÃO ASSISTENCIAL,SP,334958240.17,11165274.672333334,21540445.59731362
IRMANDADE DA SANTA CASA DE MISERICÃRDIA DE PIRACICABA,SP,323476234.39,16173811.7195,29657930.131177362
SERMED-SAÃDE LTDA.,SP,322903292.47,3294931.5558163268,11265855.276159462
UNIMED DE LIMEIRA COOPERATIVA DE TRABALHO MÃDICO,SP,320192343.16,3370445.7174736843,9702376.904215954
UNIMED ANHANGUERA COOPERATIVA DE TRABALHO MÃDICO,SP,319908692.87,5612433.208245615,10747206.874956477
FUNDAÃÃO SANEPAR DE ASSISTÃNCIA SOCIAL,PR,312902056.02000004,12516082.2408,33945103.700084984
SÃO LUCAS SAÃDE S/A,SP,307609422.51,10986050.80392857,20344273.507665213
UNIMED COSTA OESTE - COOPERATIVA DE TRABALHO MÃDICO,PR,306077175.31,2661540.6548695653,5469093.328597397
UNIMED DE MARILIA COOPERATIVA DE TRABALHO MÃDICO,SP,302899413.03000003,1835754.0183636365,7600371.702519611
UNIMED PELOTAS/RS - COOPERATIVA DE ASSISTÃNCIA Ã SAÃDE LTDA.,RS,302307191.62,6046143.8324,8345959.053000616
LUMINAR SAÃDE - ASSOCIAÃÃO DE ASSISTÃNCIA Ã SAÃDE,DF,300436903.0,5270822.859649123,15280336.815422945
UNIMED AMPARO COOPERATIVA DE TRABALHO MÃDICO,SP,297189199.61,2476576.663416667,7384557.456734458
UNIMED DE BOTUCATU COOPERATIVA DE TRABALHO MÃDICO,SP,283302614.5,4970221.307017544,9706352.019938966
UNIMED DE DOURADOS COOPERATIVA DE TRABALHO MÃDICO LTDA,MS,279984588.64,2568665.950825688,5171480.379075998
SANTA CASA DE MISERICÃRDIA DE JUIZ DE FORA,MG,277292881.06,4018737.4066666667,8233697.95468126
PLANO DE SAÃDE DA SANTA CASA DE BRAGANÃA PAULISTA,SP,274135701.62,5711160.450416666,11237916.372509303
UNIMED NORTE DO MATO GROSSO COOPERATIVA DE TRABALHO MÃDICO,MT,270283658.62,3336835.2916049385,10799363.872381989
UNIMED DE OURINHOS - COOPERATIVA DE TRABALHO MÃDICO,SP,267699864.6,3304936.6,5778596.073717918
UNIMED NOROESTE/RS - SOCIEDADE COOPERATIVA DE ASSISTÃNCIA Ã SAÃDE LTDA.,RS,260128072.15,2016496.6833333333,4053814.043525563
UNIMED REGIONAL DA BAIXA MOGIANA - COOPERATIVA DE TRABALHO MÃDICO,SP,250218149.74,2553246.425918367,8826842.860443879
UNIMED GOVERNADOR VALADARES COOP. DE TRABALHO MÃDICO LTDA.,MG,250085023.01,2451813.951078431,5170986.532475764
UNIMED NOROESTE CAPIXABA COOPERATIVA DE TRABALHO MÃDICO.,ES,244520655.42000002,5202567.136595745,6663245.200652877
FUNDAÃÃO FIAT SAÃDE E BEM ESTAR,MG,243461950.87,17390139.347857144,26479889.44599662
UNIMED PATOS DE MINAS COOPERATIVA TRABALHO MÃDICO LTDA.,MG,241680854.35,3098472.4916666667,6200368.805135805
UNIMED RIO VERDE COOPERATIVA TRABALHO MEDICO,GO,241487937.07,2653713.594175824,6994859.623454387
UNIMED PALMAS COOPERATIVA DE TRABALHO MÃDICO,TO,237400133.49,2198149.384166667,4023504.345162073
UNIMED REGIONAL DE CAMPO MOURÃO COOP TRAB MEDICO ,PR,236320925.47,4544633.182115384,7506394.420717363
UNIMED DE BEBEDOURO COOPERATIVA DE TRABALHO MÃDICO,SP,235659372.75,3740624.964285714,7262031.593344262
ASSOCIAÃÃO FCA SAÃDE,MG,233950300.9,15596686.726666667,24926216.523904685
UNIMED VARGINHA COOPERATIVA DE TRABALHO MÃDICO,MG,232241405.89,2111285.508090909,5337007.611820436
UNIMED VALE DO CAÃ/RS - COOPERATIVA DE ASSISTÃNCIA Ã SAÃDE LTDA.,RS,226584927.13,3147012.8768055555,6325630.267091752
SIM - CAIXA DE ASSISTÃNCIA Ã SAÃDE,SC,224108530.81,9337855.450416667,21064791.556114063
CAIXA DE ASSISTENCIA A SAUDE DA UNIVERSIDADE,MG,222509215.09,7416973.8363333335,19299533.998979215
IRMANDADE SANTA CASA DE MISERICÃRDIA DE MARINGÃ,PR,221043528.29,3684058.804833333,6850430.832364606
UNIMED DE CATANDUVA - COOPERATIVA DE TRABALHO MÃDICO,SP,218868771.84,2574926.7275294117,5005621.595586167
ELOSAÃDE - ASSOCIAÃÃO DE ASSISTÃNCIA Ã SAÃDE,SC,216174296.74,4411720.341632653,9956252.431809213
ASSOCIAÃÃO SÃO FRANCISCO VIDA,SP,212704208.55,7877933.65,16528608.978119418
UNIMED DO SUDOESTE COOPERATIVA DE TRABALHO MEDICO LTDA,BA,209618598.98,2556324.3778048777,4522164.24860277
BENEFICENCIA CAMILIANA DO SUL,SP,209505152.72,7224315.611034483,16491971.79816025
COOPERATIVA DE TRABALHO MÃDICO DE POUSO ALEGRE,MG,209071147.16,1412642.8862162163,4164387.9725063657
UNIMED CONSELHEIRO LAFAIETE COOPERATIVA DE TRABALHO MÃDICO LTDA,MG,208350684.07,1520807.912919708,4403732.500196622
ASSOCIAÃÃO ADVENTISTA NORTE BRASILEIRA DE PREVENÃÃO E ASSISTÃNCIA A SAÃDE,PA,207945240.66,13863016.044,14038054.352664307
ASSOCIAÃÃO DA SANTA CASA SAÃDE DE RIBEIRÃO PRETO,SP,207104608.93,6275897.24030303,8288597.7802685285
UNIMED ANÃPOLIS COOPERATIVA DE TRABALHO MÃDICO.,GO,206833931.68,1416670.764931507,4215195.085722485
UNIMED DE PINDAMONHANGABA - COOPERATIVA TRABALHO MEDICO,SP,202957364.86,1549292.8615267177,5786189.470215965
UNIMED ARAXÃ COOPERATIVA DE TRABALHO MÃDICO LTDA.,MG,200624081.22,2111832.4338947367,3469624.884458135
UNIMED GUARAPUAVA COOPERATIVA DE TRABALHO MÃDICO,PR,189710104.55,2107890.0505555556,2322493.5486359294
UNIMED MISSÃES/RS - COOPERATIVA DE ASSISTÃNCIA Ã SAÃDE LTDA.,RS,187676745.77,3076667.963442623,4453530.722723264
UNIMED RESENDE COOPERATIVA DE TRABALHO MÃDICO,RJ,187587329.68,3234264.3048275863,5732330.223202497
CAIXA ASSISTENCIAL E BENEFICENTE DOS FUNCIONÃRIOS DA ACARESC,SC,180707625.1,8605125.004761904,17324468.2432388
IRMANDADE DA SANTA CASA DE MISERICÃRDIA DE RIO CLARO,SP,180416141.64,2255201.7704999996,5688453.759580366
ASSOCIAÃÃO PADRE ALBINO SAÃDE,SP,179748132.62,9986007.367777778,13130065.19635857
UNIMED RIO BRANCO COOPERATIVA DE TRABALHO MEDICO LTDA,AC,178936304.66,1466691.0218032787,3402871.7342166374
UNIMED DE RIO CLARO SP COOPERATIVA DE TRABALHO MEDICO,SP,175000460.58,902064.2297938145,2605313.175256225
ASSOCIAÃÃO DOS SERVIDORES FISCAIS DO ESTADO DA BAHIA,BA,174773620.18,8738681.009,19264470.71277759
UNIMED LESTE PAULISTA COOPERATIVA DE TRABALHO MÃDICO,SP,173966015.51,999804.6868390804,3215533.872556134
SELECT OPERADORA DE PLANO DE SAUDE LTDA,GO,172977941.46,9609885.636666667,18317738.573926743
AMESC - ASSOCIAÃÃO MÃDICA ESPÃRITA CRISTÃ,RJ,172321470.49,4418499.243333333,9732970.123794602
UNIMED DE SÃO ROQUE - COOPERATIVA DE TRABALHO MÃDICO,SP,169100504.68,2562128.858787879,5359526.543432123
UNIMED DE ASSIS COOPERATIVA DE TRABALHO MÃDICO,SP,168321635.73,995986.0102366863,2951673.511217258
CAIXA DE ASSISTÃNCIA DOS SERVIDORES FAZENDÃRIOS ESTADUAIS,CE,167108484.68,18567609.40888889,30745174.295534663
UNIMED DE PARANAGUÃ COOPERATIVA DE TRABALHO MÃDICO,PR,166157119.99,2915037.192807018,4906205.598031271
UNIMED NORTE FLUMINENSE COOPERATIVA DE TRABALHO MEDICO,RJ,162126443.09,3860153.406904762,6079746.420784384
UNIMED ENCOSTA DA SERRA/RS SOCIEDADE COOPERATIVA DE SERVIÃOS DE SAÃDE LTDA.,RS,161311464.63,3226229.2926,5453436.538700608
UNIMED CURVELO COOPERATIVA DE TRABALHO MÃDICO LTDA.,MG,158336993.91,1256642.8088095237,3512921.4792398047
CAIXA DE ASSISTÃNCIA DOS EMPREGADOS DA SANEAGO,GO,157382827.88,19672853.485,30517523.549019158
FUNDAÃÃO DE SEGURIDADE SOCIAL DA ARCELORMITTAL BRASIL - FUNSSEST,ES,154395998.75,14035999.886363637,24781127.70771112
AGROS - INSTITUTO UFV DE SEGURIDADE SOCIAL,MG,153802313.06,8544572.947777778,19441193.494550247
ASSOCIAÃÃO SANTA CASA SAÃDE DE ARAÃATUBA,SP,153753344.78,2329596.133030303,5164330.176460732
UNIMED DE CAÃAPAVA - COOPERATIVA DE TRABALHO MEDICO,SP,151552233.26,1024001.5760810811,2273866.5960909263
UNIMED DE PARANAVAÃ COOPERATIVA DE TRABALHO MÃDICO,PR,150692229.04999998,2554105.5771186436,3923338.4129083497
UNIMED POÃOS DE CALDAS - SOC. COOP. DE TRAB. E SERVIÃOS MÃDICOS,MG,150595959.10999998,2091610.5431944442,7602850.112841173
UNIMED DE LORENA COOPERATIVA DE TRABALHO MÃDICO,SP,149927086.41,1999027.8188,6291815.97615362
UNIMED CABO FRIO COOPERATIVA TRABALHO MÃDICO LTDA.,RJ,149398487.47,4979949.582333333,10505946.808376022
UNIMED DE LENÃOIS PAULISTA - COOPERATIVA DE TRABALHO MÃDICO,SP,147061536.4,2451025.606666667,5686275.526757682
ELETROS SAÃDE - ASSOCIAÃÃO DE ASSISTÃNCIA Ã SAÃDE,RJ,144254841.31,3354763.751395349,7634926.490113729
ASSISTÃNCIA MÃDICA SÃO MIGUEL LTDA,SP,142014083.89000002,11834506.990833335,14602449.847771185
UNIMED NORTE CAPIXABA- COOPERATIVA DE TRABALHO MÃDICO,ES,141969813.78,1448671.5691836735,3444781.7895633015
ASSOCIAÃAO DOS FUNCIONARIOS PUBLICOS DO ESTADO DO RIO GRANDE DO SUL,RS,141745468.47,4724848.949,8998221.835414184
SAMI ASSISTÃNCIA MÃDICA LTDA,SP,141655650.89000002,10118260.777857143,19298469.025140904
UNIMED PETROPOLIS-RJ COOPERATIVA DE TRABALHO MÃDICO,RJ,139089753.39,2243383.1191935483,5695159.627271617
UNIMED EXTREMO SUL COOPERATIVA DE TRABALHO MÃDICO,BA,138253035.54,1626506.300470588,2719346.257318231
VIVACOM PLANOS DE SAÃDE,GO,137289222.78,5720384.2825,10651187.990285136
UNIMED PARÃ DE MINAS COOPERATIVA DE TRABALHO MÃDICO LTDA.,MG,137028247.71,1356715.3238613862,2831335.9351547845
UNIMED METROPOLITANA DO AGRESTE - COOPERATIVA DE TRABALHO MÃDICO,AL,136531036.71,1587570.1943023256,3281282.500054443
CAIXA DE ASSISTÃNCIA DOS EMPREGADOS DO SISTEMA FINANCEIRO BANESTES,ES,136502854.01999998,9100190.268,13584879.8474711
PARANA ASSISTENCIA MEDICA LTDA,PR,135447617.94,1907712.9287323942,5848878.868397301
UNIMED NOVA IGUACU COOPERATIVA DE TRABALHO MEDICO,RJ,133672699.5,3819219.9857142856,6818326.273064314
TEMPO MED PLANO DE SAUDE LTDA,SC,133639690.18,2227328.169666667,4601403.411756292
COOPERATIVA DE TRABALHO MEDICO REGIÃO DO PLANALTO SERRANO,SC,133257928.24,676436.1839593909,2302851.6542866044
IRMANDADE DA SANTA CASA DE MISERICORDIA DE LIMEIRA,SP,132507259.47999999,2944605.766222222,5401559.837659422
GARANTIA DE SAÃDE LTDA,SP,132163553.86,11013629.488333333,14718596.33430107
UNIMED CENTRO SUL FLUMINENSE COOPERATIVA DE TRABALHO MÃDICO,RJ,131798225.57,2233868.23,3796944.4336651117
NOVA SAÃDE OPERADORA INTEGRADA DE SAÃDE LTDA,RJ,131535372.09,21922562.015,29163262.306665808
UNIMED DE BARRA MANSA SOC. COOP. SERV.MED.E HOSPIT.,RJ,131212349.53,2733590.6152083334,6760146.437718159
UNIMED DE LINS - COOPERATIVA DE TRABALHOS MÃDICOS,SP,131156113.84,1473664.2004494383,2783715.7251600763
SULMED - ASSISTÃNCIA MÃDICA LTDA,RS,130735624.71000001,2466709.9001886793,8211900.014622885
ESMALE ASSISTENCIA INTERNACIONAL DE SAUDE LTDA.,AL,130389989.32000001,14487776.591111112,13507217.748163437
UNIMED SAÃDE E ODONTO S.A,SP,127952124.78,14216902.753333334,15322524.729032474
UNIMED EXTREMO OESTE CATARINENSE COOPERATIVA DE TRABALHO MÃDICO,SC,126599947.15,996849.9775590552,2375393.1114432514
UNIMED MONTES CLAROS COOPERATIVA DE  TRABALHO MÃDICO LTDA.,MG,125101190.7,1787159.8671428573,3707033.5338584664
GOCARE PLANOS DE SAUDE LTDA,SP,124817850.15,2600371.8781250003,5198207.0443187915
UNIMED INCONFIDENTES COOPERATIVA DE TRABALHO MÃDICO LTDA.,MG,123809424.24,1629071.3715789474,3578735.1687269537
UNIMED BARRA DO GARÃAS - COOPERATIVA DE TRABALHO MÃDICO,MT,123265758.61,1053553.4923931623,2292464.0596236107
ASSOCIAÃÃO DE SAÃDE DO VALE,SC,122362738.43,10196894.869166667,12626269.439249739
UNIMED DE JABOTICABAL COOP. DE TRABALHO MÃDICO,SP,122341853.82000001,1853664.451818182,3620415.8230776815
PLADISA PLANOS DE SAÃDE SA,SC,122203789.92,3133430.510769231,8645611.981042424
PLAMED PLANO DE ASSISTENCIA MEDICA LTDA,SE,121171687.28999999,13463520.809999999,13480680.88518579
AMHE MED ASSISTENCIA A SAUDE LTDA - EPP,SP,120612567.03,8040837.802,13119684.713710604
UNIMED COSTA DO DESCOBRIMENTO COOPERATIVA DE TRABALHO MÃDICO,BA,120390920.46000001,2271526.8011320755,4800751.180503813
UNIMED PATO BRANCO SOCIEDADE COOPERATIVA DE MÃDICOS,PR,119258744.04,1002174.3196638656,1836713.8540377046
MATÃO CLINICAS & AMHMA SAÃDE LTDA,SP,119064060.12,2706001.3663636367,5643948.756331339
BEST SENIOR OPERADORA DE SAÃDE LTDA,ES,117719337.13000001,3923977.9043333335,8954504.80425283
PRONTOMED PLANOS DE SAÃDE LTDA,MG,116706968.18,2431395.1704166667,7265202.042360443
FUNDACAO LEONOR DE BARROS CAMARGO,SP,116705493.35000001,7780366.223333334,10034703.459635632
ASSOCIAÃÃO POLICIAL DE ASSISTÃNCIA Ã SAÃDE,SP,116666340.60000001,3070166.8578947373,6933905.741431091
ASSOCIAÃÃO DE SAÃDE DOS FORNECEDORES DE CANA DE PIRACICABA E REGIÃO,SP,115422240.27,5496297.155714286,8050556.681388839
UNIMED PATROCÃNIO COOPERATIVA DE TRABALHO MÃDICO LTDA.,MG,114894954.68,1914915.9113333335,3469227.578702887
AMEPLAN ASSISTÃNCIA MÃDICA PLANEJADA LTDA,SP,113210580.69,4922199.1604347825,7763439.017322007
UNIMED OESTE DO PARANA - COOPERATIVA DE TRABALHO MEDICO,PR,112164184.85,801172.7489285714,2277829.5260958434
UNIMED NORTE PIONEIRO - COOPERATIVA DE TRABALHO MÃDICO,PR,111807571.34,1552882.9352777777,3540523.2558929846
UNIMED SUL PAULISTA - COOPERATIVA DE TRABALHO MÃDICO,SP,111356584.86,1953624.2957894737,3738388.5160683836
UNIMED TEOFILO OTONI COOPERATIVA DE TRABALHO MÃDICO,MG,109889312.81,4395572.5124,5948767.244179665
ASSOCIAÃÃO MINEIRA DE ASSISTÃNCIA Ã SAÃDE DOS MEMBROS DO MINISTÃRIO PÃBLICO,MG,108597203.42999999,15513886.204285713,18617729.364177626
SANTA CASA DE MISERICORDIA DE SAO JOAQUIM DA BARRA,SP,108593240.85,1974422.5609090908,3669890.7289583394
UNIMED REGIONAL SUL GOIAS COOP. DE TRABALHO MÃDICO LTDA,GO,108328392.47,2006081.342037037,4410264.099983674
CAIXA DE ASSISTÃNCIA Ã SAÃDE DO SINDICATO DOS FUNCIONÃRIOS INTEGRANTES DO GRUPO OCUPACIONAL ADMINISTRAÃÃO TRIBUTÃRIA DO ESTADO DE PERNAMBUCO,PE,107477510.29,4478229.595416667,11517622.059934193
ASSOCIAÃÃO DO PLANO DE SAÃDE DA SANTA CASA DE MISERICÃRDIA DE ITABUNA - PLANSUL,BA,105299909.47,2105998.1894,3572592.2069952833
AMHA SAUDE S/A,SP,104644848.76,3608443.060689655,8116356.562162078
UNIMED JOÃO MONLEVADE COOPERATIVA DE TRABALHO MÃDICO LTDA.,MG,104437834.46,1374182.0323684209,4083371.929909023
UNIMED ERECHIM - COOPERATIVA DE SERVIÃOS DE SAÃDE LTDA.,RS,103813244.82,1017776.9099999999,2084140.7013226468
UNIMED NOROESTE DO PARANÃ COOP DE TRABALHO MÃDICO .,PR,100191606.94,1032903.1643298969,2886515.7986315754
ASSOCIAÃÃO SAÃDE SÃO JOSÃ,SC,100029178.73,1695409.808983051,5221439.37426749
UNIMED ITAÃNA COOPERATIVA DE TRABALHO MÃDICO LTDA.,MG,99577126.87,851086.5544444445,3039740.3550362685
ASSOCIAÃÃO MAIS SAÃDE SANTA CASA DE SÃO JOÃO DA BOA VISTA,SP,96593314.10000001,5366295.227777778,8248617.666195951
UNIMED ITABIRA COOPERATIVA DE TRABALHO MÃDICO,MG,96460912.35,4593376.778571429,5544894.657878218
UNIMED ALTA MOGIANA COOPERATIVA DE TRABALHO MÃDICO,SP,95970388.93,1279605.1857333335,2312489.8201857777
UNIMED APUCARANA COOPERATIVA DE TRABALHO MÃDICO,PR,93804547.73,2605681.881388889,4758556.6748463875
UNIMED FRONTEIRA NOROESTE/RS - COOPERATIVA DE ASSISTÃNCIA Ã SAÃDE LTDA.,RS,92966802.99,762022.9753278688,2671230.5744704306
ASSOCIAÃÃO SÃO LUIZ SAÃDE,SP,91717430.84,3057247.694666667,6591243.159742275
UNIMED SÃO JOÃO DEL REI - COOPERATIVA DE TRABALHO MÃDICO,MG,91696925.4,1018854.7266666667,2434494.4094006456
SAMOC S.A. - SOCIEDADE ASSISTENCIAL MÃDICA E ODONTO CIRÃRGICA,RJ,91474158.13,3387931.7825925923,6281119.164430518
"UNIMED VALE DAS ANTAS, RS - COOPERATIVA DE ASSISTÃNCIA Ã SAÃDE LTDA.",RS,91266276.32000001,1267587.1711111113,3636012.857324233
AMAZÃNIA PLANOS DE SAÃDE LTDA,PA,90607567.52,6040504.501333333,10541745.37720538
UNIMED BARBACENA - COOPERATIVA DE TRABALHO MÃDICO LTDA,MG,90146650.55,1386871.546923077,3688175.9350378653
ÃNICA ASSISTENCIA MEDICA LTDA ,SP,90035865.85,15005977.641666666,19063013.539675687
IRMANDADE DE MISERICÃRDIA DO HOSPITAL DA SANTA CASA DE MONTE ALTO,SP,89978220.51,2726612.7427272727,4375677.742237794
UNIMED SÃO LOURENÃO COOPERATIVA DE TRABALHO MÃDICO,MG,89390240.83,703860.1640157481,1735481.9998867447
IRMANDADE DA SANTA CASA DE MISERICÃRDIA DE PASSOS,MG,87298069.50999999,1647133.386981132,2977412.356983264
CAIXA DE ASSISTÃNCIA AOS MEMBROS DA DEFENSORIA PÃBLICA DO ESTADO DO RIO DE JANEIRO,RJ,86611416.5,5774094.433333334,6704641.476976159
UNIMED VALE DO AÃO COOPERATIVA DE TRABALHO MÃDICO,MG,86178796.47,1657284.5474999999,3525032.827662062
INSTITUIÃÃO BENEFICENTE CEL MASSOT - IBCM,RS,84387998.15,4018476.102380953,6692231.40942806
UNIMED LAVRAS COOPERATIVA DE TRABALHO MÃDICO,MG,83652681.32,601817.8512230215,2924112.2515739733
UNIMED NORTE DO PARANÃ COOPERATIVA REGIONAL DE TRABALHO MÃDICO,PR,83579585.33,795996.0507619048,1570550.9970275084
UNIMED COSTA VERDE RJ,RJ,82174730.49,2739157.6829999997,3320099.199069085
COOPERATIVA DE TRABALHO MEDICO DE ARAGUAÃNA - UNIMED ARAGUAÃNA,TO,82018304.95,422774.76778350514,1318265.44059804
ANAFE SAUDE,GO,81122122.6,4506784.588888888,10259942.362099586
UNIMED MURIAÃ COOPERATIVA DE TRABALHO MEDICO LTDA,MG,78304663.58,2303078.3405882353,7093578.034079551
DENTAL UNI - COOPERATIVA ODONTOLÃGICA,PR,77440280.41,6453356.700833333,7056156.2048198655
SAÃDE BRASIL ASSISTÃNCIA MÃDICA LTDA.,SP,76487958.58,5099197.238666667,5422108.234759331
CONFERÃNCIA SÃO JOSÃ DO AVAÃ,RJ,75505113.0,2904042.8076923075,3853700.803158255
SANTA CASA DE MISERICÃRDIA DE VOTUPORANGA,SP,75500407.37,2435497.011935484,3937519.377802134
UNITY SERVIÃOS INTEGRADOS DE SAÃDE LTDA.,DF,74783103.03,3251439.262173913,6686081.886413314
SUL AMÃRICA ODONTOLÃGICO S/A,SP,73369226.02,3334964.819090909,5059404.943487557
UNIMED SUDOESTE DE MINAS COOPERATIVA DE TRABALHO MÃDICO,MG,73179001.59,1355166.6961111112,3525694.0216279775
OPERADORA DE PLANOS PRIVADOS DE SAÃDE - SANTA CASA SAÃDE LTDA,MS,72487211.88,2196582.178181818,4897768.242834909
IRMANDADE DE MISERICORDIA DE PORTO FERREIRA,SP,71567851.19,7951983.465555555,12470574.791054197
UNIMED ALTO DA SERRA - SOCIEDADE COOPERATIVA DE SERVIÃO MÃDICO LTDA.,RS,71321811.55,1188696.8591666666,2286046.5073234728
INTERMEDICI PIRACICABA ASSISTENCIA MEDICA LTDA,SP,71071611.50999999,1822349.0130769229,3774878.739727531
UNIMED DE AVARÃ COOPERATIVA DE TRABALHO MÃDICO,SP,70367267.58,663842.1469811321,1264992.3898876836
COOPERATIVA DE TRABALHO MÃDICO DO PLANALTO NORTE DE SANTA CATARINA LTDA,SC,69982153.59,482635.542,941484.0004675157
UNIMED VALE DO JAURU COOPERATIVA DE TRABALHO MÃDICO,MT,69855502.39,1486287.284893617,3660403.818382277
ASSOCIAÃÃO DO FISCO DE ALAGOAS,AL,69725674.6,7747297.177777777,10150918.196132787
CAIXA DE ASSISTÃNCIA DOS EMPREGADOS DO BANEB,BA,69622241.39,4641482.759333333,6764844.906465706
MÃTUA DOS MAGISTRADOS DO ESTADO DO RIO DE JANEIRO,RJ,68154584.58,11359097.43,10822584.365380999
UNIMED DE BIRIGUI - COOPERATIVA DE TRABALHO MÃDICO,SP,67084824.6,609862.0418181819,1819633.489599818
UNIMED ITUIUTABA COOPERATIVA TRABALHO MÃDICO LTDA.,MG,66870614.900000006,649229.2708737864,1910360.3172720417
FUNDAÃÃO FILANTRÃPICA E BENEFICENTE DE SAÃDE ARNALDO GAVAZZA FILHO,MG,66642647.81,1129536.403559322,2546456.6470408537
UNIMED ARAGUARI COOPERATIVA DE TRABALHO MÃDICO ,MG,66097334.43,957932.3830434782,2291833.9214038057
UNIMED-RIO COOPERATIVA DE TRABALHO MEDICO DO RIO DE JANEIRO,RJ,65480619.35,65480619.35,
UNIMED DE CAPIVARI -COOPERATIVA DE TRABALHO MÃDICO,SP,64147076.519999996,485962.70090909087,1488817.292372424
UNIMED GUAXUPÃ COOPERATIVA DE TRABALHO MEDICO,MG,63606099.53,573027.9236936937,1276971.419542024
BRASILDENTAL OPERADORA DE PLANOS ODONTOLÃGICOS S.A.,SP,63563719.97,7062635.552222222,7500171.0232087085
UNIMED DE TAUBATÃ COOPERATIVA DE TRABALHO MÃDICO,SP,63028176.72,1068274.1816949153,2717048.4864355396
UNIMED TRÃS CORAÃÃES COOPERATIVA DE TRABALHO MÃDICO LTDA.,MG,59298252.410000004,732077.1902469136,1548921.9005656461
FUNDAÃÃO DE ASSISTÃNCIA Ã SAÃDE DA ASSOCIAÃÃO DO MINISTÃRIO PÃBLICO DO RIO GRANDE DO SUL,RS,58421076.129999995,9736846.021666666,9300982.356284373
UNIMED DE GUARATINGUETA-COOPERATIVA DE TRABALHO MÃDICO,SP,57411845.78,1739752.9024242423,3204315.516108392
ASSOCIAÃÃO PARANAENSE DE ASSISTÃNCIA Ã SAUDE DOS MEMBROS DO MINISTERIO PUBLICO DO PARANÃ,PR,55951783.28,4662648.606666666,6693175.582822808
UNIMED DE SAO JOSÃ DO RIO PARDO-COOP. DE TRAB. MÃDICO,SP,55364010.03,1537889.1675,2256638.3019917756
UNIMED ALTO SÃO FRANCISCO COOPERATIVA DE TRABALHO MÃDICO,MG,53967225.730000004,606373.3228089889,1919334.8375644372
CAIXA DE ASSISTÃNCIA DOS EMPREGADOS DO BANESE,SE,53148231.400000006,5905359.0444444455,9655790.659956042
ASSOCIAÃÃO POLICIAL DE ASSISTÃNCIA Ã SAÃDE DE RIBEIRÃO PRETO (APAS),SP,53001580.43,5889064.4922222225,8789010.715763312
ASSOCIAÃÃO PLANO DE SAÃDE SANTA CASA DE VALINHOS,SP,51019148.82,3401276.588,5351132.1390538905
UNIMED ALTO JACUÃ/RS - COOPERATIVA DE ASSISTÃNCIA Ã SAÃDE LTDA,RS,50812283.6,677497.1146666667,1314799.5252539185
ASSOCIAÃÃO DOS AUDITORES FISCAIS DA RECEITA ESTADUAL DO RIO DE JANEIRO,RJ,50207864.919999994,3586276.0657142852,4471110.685829236
UNIMED NOROESTE FLUMINENSE - COOPERATIVA DE TRABALHO MÃDICO LTDA,RJ,50101620.910000004,8350270.151666667,10231408.0439556
UNIMED NOROESTE DE MINAS COOPERATIVA DE TRABALHO MEDICO LTDA,MG,49022657.03,891321.0369090909,1904891.6668583222
UNIMED CATAGUASES COOPERATIVA DE TRABALHO MÃDICO LTDA,MG,48369393.93,386955.15144,831861.1444019508
UNIODONTO DE SÃO JOSÃ DOS CAMPOS COOPERATIVA DE TRABALHO ODONTOLÃGICO,SP,48318537.4,5368726.377777778,3583523.3511790694
PLAMER PLANO MEDICO RESENDE LTDA,RJ,47745696.62,2075899.8530434782,3033156.54824582
IRMANDADE DA SANTA CASA DE MISERICÃRDIA E MATERNIDADE DONA ZILDA SALVAGNI,SP,46880520.58,5208946.731111111,2394399.5275607253
UNIODONTO DE CAMPINAS COOPERATIVA ODONTOLÃGICA,SP,46358640.230000004,1931610.0095833335,2317571.039014474
SOCIEDADE BENEFICENTE DEZOITO DE JULHO,MG,46245657.620000005,3853804.801666667,4497681.52418191
ASSOCIAÃÃO DOS EMPREGADOS DA COMPANHIA ESTADUAL DE HABITAÃÃO E OBRAS PÃBLICAS - ASSEC,SE,45557752.58,6508250.368571429,9406355.25605662
UNIMED VALE DO PIQUIRI-COOPERATIVA DE TRABALHO MÃDICO VALE DO PIQUIRI ,PR,45045924.24,1155023.6984615384,2658668.022878945
ASSOCIAÃÃO POLICIAL DE ASSISTÃNCIA Ã SAÃDE DE ARAÃATUBA (APAS),SP,43619201.24,3634933.436666667,7240408.348508496
UNIMED DE REGISTRO COOPERATIVA DE TRABALHO MÃDICO,SP,43358953.96,2890596.930666667,3222323.3199788136
UNIMED NORTE PAULISTA - COOPERATIVA DE TRABALHO MÃDICO,SP,43194259.01,372364.3018103448,769181.2449111047
TRINO - ALIANCA FILANTRÃPICA DE ASSISTÃNCIA E INTEGRAÃÃO PARA O DESENVOLVIMENTO DA SAUDE,ES,42990769.08,4776752.12,7791284.138601447
SANTA CASA DE MISERICORDIA HOSPITAL SÃO VICENTE,SP,42439862.32,1463443.528275862,3542567.4911019886
UNIMED DE UBA COOPERATIVA DE TRABALHO MEDICO,MG,42028112.82,483081.75655172416,1624872.9086971832
ASSOCIAÃÃO SANTA CASA CLÃNICAS DE BIRIGUI,SP,42018281.78,1273281.266060606,2231232.236058729
PRONTOCLINICA E HOSPITAIS SAO LUCAS S/A,MG,41876722.67,697945.3778333333,1515679.6203531804
UNIX SAÃDE S.A,BA,41840490.339999996,1394683.011333333,2296555.661974423
UNIMED PLANALTO CENTRAL/RS - COOPERATIVA DE ASSISTÃNCIA  Ã SAÃDE LTDA.,RS,41526692.5,1012846.1585365854,1549604.8369093952
UNIMED REGIONAL DE FLORIANO - COOPERATIVA DE TRABALHO MÃDICO,PI,41384636.01,1379487.8669999999,1960275.0442265964
ATÃVIA SERVIÃOS DE SAÃDE S/A,SP,41114448.42,1787584.7139130435,1169512.5129027632
UNIMED REGIÃO DA CAMPANHA/RS - COOPERATIVA DE ASSISTÃNCIA Ã SAÃDE LTDA.,RS,40882346.09,517498.05177215196,1365881.8821805585
UNIMED DE DRACENA - COOPERATIVA DE TRABALHO MÃDICO,SP,40628139.29,362751.2436607143,838981.1557655624
UNIMED ITAJUBA COOPERATIVA DE TRABALHO MEDICO,MG,40446651.199999996,539288.6826666666,1024616.1413137574
UNIMED CARATINGA - COOPERATIVA DE TRABALHO MÃDICO LTDA,MG,39450861.86,1578034.4744,2001651.2525974351
PB ASSISTENCIA MEDICA EU LTDA,BA,38001110.99,2923162.383846154,4348097.449872097
COOPERATIVA DOS USUÃRIOS DE SERVIÃOS DE SAÃDE DO VALE DO RIO DOS SINOS LTDA,RS,37957621.89,4217513.543333333,6596068.814664702
AME VVIDA PLANOS DE SAUDE INTEGRADO LTDA.,RO,36574055.19,7314811.038,7891988.141108303
PESSOAL SAÃDE PLANOS DE ASSISTÃNCIA MÃDICA LTDA,SP,36502126.28,4055791.808888889,5835942.628389359
UNIMED SÃO SEBASTIÃO DO PARAÃSO COOPERATIVA DE TRABALHO MÃDICO,MG,36407110.019999996,866835.9528571428,1368248.9085052619
MAIS SAUDE S/A,ES,35975543.97,4496942.99625,4613823.891362662
UNIMED TRÃS PONTAS - COOPERATIVA DE TRABALHO MÃDICO,MG,35628434.660000004,379025.9006382979,1246311.596962604
PREVIDENT ASSISTÃNCIA ODONTOLÃGICA S.A,SP,34878957.42,3875439.7133333334,4424226.487557369
DESBAN - FUNDAÃÃO BDMG DE SEGURIDADE SOCIAL,MG,34495979.21,1437332.4670833333,3580574.2178315762
SOCIEDADE PORTUGUESA DE BENEFICÃNCIA,RS,34385844.730000004,747518.3636956522,1871609.2393518074
CAIXA DE ASSISTÃNCIA DOS MAGISTRADOS DE PERNAMBUCO,PE,33729390.940000005,1124313.0313333336,2284424.4496723083
ASSOCIACAO DOS PROFESSORES UNIVERSITÃRIOS DA BAHIA,BA,33222749.07,2373053.505,5100270.396202671
UNIMED LEOPOLDINA COOPERATIVA DE TRABALHO MÃDICO LTDA,MG,33164909.669999998,1275573.4488461537,2542340.8411553507
SANTA CASA DE MISERICÃRDIA E BENEFICÃNCIA PORTUGUESA,SP,33129026.43,2760752.2025,3647382.161769511
"FEDERAÃÃO DAS SOCIEDADES COOPERATIVAS DE TRABALHO MÃDICO DO ACRE, AMAPÃ, AMAZONAS, PARÃ, RONDONIA E RORAIMA",AM,33098118.55,2546009.119230769,3129977.421459536
UNIMED VIÃOSA - COOPERATIVA DE TRABALHO MÃDICO,MG,32944992.73,422371.70166666666,1058877.1443179175
HOSPITAL DE PRONTOCLINICA LTDA.,RS,32009792.86,1778321.8255555555,2605975.090586522
UNIMED VERTENTE DO CAPARAÃ - COOPERATIVA DE TRABALHO MÃDICO LTDA,MG,31819699.09,636393.9818,1232709.3249999795
AMPARA ASSISTÃNCIA MÃDICA PARAÃSO LTDA,MG,30928760.81,672364.3654347826,1097250.0793877544
UNIMED DE TUPA COOPERATIVA DE TRABALHO MÃDICO,SP,30569380.53,485228.2623809524,815857.7961296875
VIDA TOP MAIS SAÃDE OPERADORA DE PLANOS DE SAÃDE LTDA.,SP,30551795.5,1175069.0576923077,2896358.412319551
AURORA SAÃDE LTDA,MG,30269982.009999998,3026998.201,3545905.3833194855
ASSOCIAÃAO UNISAUDE MARAU,RS,30177843.88,1676546.8822222222,3017585.609583923
UNIODONTO MACEIÃ COOPERATIVA ODONTOLÃGICA,AL,29921359.64,4986893.273333333,6198210.975039728
FUNDAÃAO COMPESA DE PREVIDENCIA E ASSISTENCIA - COMPESAPREV,PE,29251352.330000002,1218806.3470833334,3138980.14896552
TOTAL ASSISTÃNCIA MÃDICA HOSPITALAR LTDA,MG,29199042.19,4866507.031666667,3909058.8383292235
SANTA CASA DE SAÃDE - SCS,ES,28479500.07,949316.669,1643565.6455405883
UNIMED DE JATAÃ COOPERATIVA DE TRABALHO MÃDICO LTDA.,GO,28459040.38,170413.4154491018,401791.1791330682
UNIMED OESTE DO PARÃ - COOPERATIVA DE TRABALHO MÃDICO,PA,28257835.42,9419278.473333335,4175518.6493094405
UNIMED DE MONTE ALTO - COOPERATIVA DE TRABALHO MÃDICO,SP,27444106.64,686102.666,1365484.06267131
ATITUDE SAÃDE ASSISTÃNCIA MEDICA LTDA,BA,26869399.240000002,2985488.804444445,2744310.2962271497
UNIODONTO PORTO ALEGRE COOPERATIVA ODONTOLOGICA LTDA,RS,25224478.189999998,2802719.7988888887,2565653.3949573557
UNIMED DE MINEIROS COOPERATIVA DE TRABALHO MÃDICO ,GO,25203821.01,442172.29842105263,802701.5775399054
RIO DOCE SAÃDE,ES,24621161.07,946967.7334615384,2411515.574058525
UNIODONTO REGIONAL COOPERATIVA ODONTOLOGICA,MG,24563878.84,1023494.9516666667,2137906.9830471245
UNIMED DE BARRETOS COOPERATIVA DE TRABALHO MÃDICO,SP,23726347.83,878753.6233333333,1672101.134566279
UNIMED DO OESTE DA BAHIA COOPERATIVA DE TRABALHO MÃDICO,BA,23117713.79,924708.5516,1508490.9129120864
ON MED ASSISTÃNCIA MÃDICA LTDA,RS,22300845.99,1592917.5707142856,2643565.129896375
UNIMED MACHADO COOPERATIVA DE TRABALHO MEDICO,MG,22176935.77,375880.2672881356,807280.3030533848
FUNDAÃÃO PLAMHUV - PLANO MÃDICO HOSPITALAR DOS HOSPITAIS UNIDOS DE VIÃOSA,MG,22021778.01,550544.45025,1438922.6706488174
R.M.I. OPERADORA DE SAÃDE INTEGRADA LTDA,SP,22021317.66,3670219.61,3010322.9050343367
UNIMED VALE DO CARANGOLA COOPERATIVA DE TRABALHO MEDICO LTDA,MG,21573362.36,1027302.9695238095,1254950.131622119
"CAIXA DE ASSISTÃNCIA Ã SAÃDE DOS TRABALHADORES NAS INDÃSTRIAS METALÃRGICAS, MECÃNICAS E DO MATERIAL ELÃTRICO DE BRUSQUE",SC,21480416.27,3580069.3783333334,4577687.837314396
UNIMED REGIONAL DE PICOS - COOPERATIVA DE TRABALHO MÃDICO,PI,20973384.560000002,2097338.4560000002,3476210.739388266
SUL DO PARÃ LTDA,PA,20652958.63,5163239.6575,3919996.7940308014
ASSOCIACAO DE SAUDE HOLAMBRA,SP,19804339.029999997,2200482.114444444,3544635.426508178
HOSPITAL CESAR LEITE,MG,18433410.83,542159.1420588235,831173.2990916194
ASSOCIAÃÃO POLICIAL DE ASSISTENCIA Ã SAUDE DE SAO JOAO DA BOA VISTA,SP,17438805.79,2906467.6316666664,3739764.402239808
UNIMED ALFENAS COOPERATIVA DE TRABALHO MEDICO,MG,17085039.55,251250.58161764708,484206.8294391084
ASSOCIAÃÃO BENEFICENTE DOS PROFESSORES PÃBLICOS ATIVOS E INATIVOS DO RIO DE JANEIRO - APPAI,RJ,16976191.38,5658730.46,3112070.059019278
ASSOCIAÃÃO BENEFICENTE CATÃLICA,MG,16828337.77,509949.6293939394,539110.1585114105
OPLAN SAÃDE OPERADORA DE PLANO DE SAÃDE LTDA,RJ,16788737.68,621805.0992592593,1126872.7131078297
UNIMED SÃO JOÃO NEPOMUCENO COOPERATIVA DE TRABALHO MÃDICO LTDA.,MG,16750580.44,478588.01257142855,924370.7092681032
UNIMED CAMPO BELO- COOPERATIVA DE TRABALHO MÃDICO,MG,16739320.74,220254.22026315788,534766.3658103059
SISTEMA TOTAL DE SAÃDE LTDA.,SP,16042399.78,1069493.3186666665,1311917.8651833527
UNIODONTO DE MANAUS - COOPERATIVA ODONTOLÃGICA LTDA.,AM,15962123.870000001,760101.1366666667,998054.2728411335
PRONTO SOCORRO CONDE DE MOREIRA LIMA,SP,15426760.37,321390.84104166663,634635.5097201061
UNIODONTO DE AMERICANA COOPERATIVA ODONTOLÃGICA,SP,15276120.75,1018408.05,1119036.4809173744
PLAMESC PLANOS DE SAÃDE LTDA,RJ,14977119.5,998474.6333333333,794809.1978640711
AME-ASSISTÃNCIA MÃDICA A EMPRESAS LTDA,MG,14699041.45,668138.2477272727,1005169.6950408224
UNIMED SUDOESTE PAULISTA COOPERATIVA DE TRABALHO MÃDICO,SP,14478605.36,258546.5242857143,403770.21131394804
MEDGOLD ASSISTENCIA MEDICA LTDA - ME,MG,13997168.64,777620.48,945283.1997065535
ASSOCIACAO CIVIL PRÃ-SAÃDE DOS SERVIDORES DA UNIVERSIDADE ESTADUAL DE PONTA GROSSA,PR,13772291.1,4590763.7,2497912.802665345
ASSOCIACAO POLICIAL DE ASSISTENCIA A SAUDE DE ITAPETININGA,SP,13747848.96,763769.3866666667,1834208.2829198698
ODONTO EMPRESAS CONVENIOS DENTARIOS LTDA.,SP,13725346.57,2287557.7616666667,2924638.5173711614
PORTOMED - PORTO SEGURO SERVIÃOS DE SAUDE LTDA,SP,13431081.71,895405.4473333334,1768491.2668411068
SANTA CASA DE MISERICÃRDIA DE TUPÃ,SP,13162549.87,877503.3246666666,1144241.6979121733
S1 OPERADORA DE PLANO DE SAÃDE LTDA,DF,13040620.310000002,1448957.8122222226,2443447.5519216447
VOCÃ TOTAL PLANOS DE SAÃDE LIMITADA,SP,12840686.41,1284068.641,2123919.5831218013
UNIMED REGIÃO DA FRONTEIRA - RS COOPERATIVA DE ASSISTÃNCIA Ã SAÃDE LTDA.,RS,12784204.37,304385.8183333333,489270.14075997897
ASSOCIAÃÃO UNIVIDA SANTA RITA DO PASSA QUATRO,SP,12663879.91,527661.6629166667,763833.0753096971
FUNDAÃÃO LIBERTAS DE SEGURIDADE SOCIAL,MG,12633010.24,421100.34133333334,768845.043139738
TELOS - FUNDAÃÃO EMBRATEL DE SEGURIDADE SOCIAL,RJ,11861210.63,3953736.876666667,2514534.3681989424
PERSONAL CARE OPERADORA DE SAÃDE SA,SP,11577951.9,826996.5642857143,975900.9891773543
UNIODONTO BELÃM - COOPERATIVA DE ASSISTÃNCIA Ã SAÃDE ODONTOLÃGICA,PA,11567152.03,771143.4686666667,980547.1173140026
CAIXA BENEFICENTE DOS FUNCIONÃRIOS DO GRUPO IGUAÃU,PR,11444007.200000001,953667.2666666667,1679944.182791052
UNIODONTO PAULISTA-FEDERAÃÃO DAS COOPERATIVAS ODONTOLÃGICAS DO ESTADO DE SÃO PAULO,SP,10827260.600000001,1353407.5750000002,1544528.355691919
FUNDO DE ASSISTÃNCIA MÃDICO-HOSPITALAR DO MINISTÃRIO PÃBLICO,MS,10788738.64,1348592.33,1487092.0353642323
DONA SAÃDE CLINICAS LTDA ,SP,10390655.91,1731775.985,1727301.4097001855
ASSOCIAÃÃO POLICIAL DE ASSISTÃNCIA Ã SAÃDE DE BARRETOS,SP,10199327.13,1133258.57,1841864.0580334582
CEAM BRASIL - PLANOS DE SAÃDE LTDA,MG,10193863.57,1132651.5077777777,1650927.703319247
UNIODONTO DE SOROCABA COOPERATIVA ODONTOLÃGICA,SP,10106335.89,1122926.21,1300250.776899276
COMSEDER - COOPERATIVA DE ASSISTÃNCIA MÃDICA DOS SERVIDORES DA SUPLAN E DO DER LTDA,PB,9782181.46,3260727.153333334,1640753.8317412026
UNIODONTO PIRACICABA - COOPERATIVA ODONTOLÃGICA,SP,9695417.59,484770.8795,755250.6939577578
PLENUM ASSISTENCIA MEDICA  LTDA,DF,9685780.09,4842890.045,2198251.48952987
ASSOCIAÃÃO DOS SERVIDORES PÃBLICOS DA ADMINISTRAÃÃO DIRETA DO GOVERNO DO ESTADO DO PARÃ - ASPARÃ,PA,9552825.16,636855.0106666667,1297025.3972236882
UNIODONTO DE JOÃO PESSOA COOPERATIVA ODONTOLÃGICA,PB,9544770.760000002,1060530.0844444446,1623369.475387259
CARING SAÃDE ASSISTÃNCIA MÃDICA LTDA.,RJ,9487688.25,3162562.75,1712180.8319073173
UNIODONTO DO BRASIL CENTRAL NACIONAL DAS COOPERATIVAS ODONTÃLOGICAS,SP,9326302.440000001,1554383.7400000002,1201643.7188285028
ASSOCIAÃÃO SAÃDE RURAL ALEGRETE,RS,9219814.32,1024423.8133333334,1703889.5896198498
UNIMED SOUSA - COOPERATIVA DE TRABALHO MÃDICO,PB,8903979.0,494665.5,935330.5076295857
PRESERVE SAUDE ASSISTENCIA MEDICA LTDA,BA,8573334.14,295632.21172413795,810602.3776210389
UNIODONTO DO SUL GOIANO COOPERATIVA ODONTOLOGICA,GO,8481127.9,1413521.3166666667,1575127.5726626995
ASSOCIAÃÃO HOSPITAL SAÃDE DE VARGEM GRANDE DO SUL,SP,8465552.53,564370.1686666666,798550.9662255696
UNIODONTO DE FORTALEZA COOPERATIVA DE TRABALHO ODONTOLOGICO LTDA,CE,8184118.23,1023014.77875,1585379.143625066
MEDHEALTH PLANOS DE SAÃDE LTDA,PR,7981289.16,570092.0828571429,1069372.6781871994
ASSOCIACAO DOS SERVIDORES DA EMDAGRO - ASSEM,SE,7771778.41,1295296.4016666666,1642072.1163894392
ASSOCIAÃÃO POLICIAL DE ASSISTÃNCIA Ã SAÃDE DE JAÃ,SP,7696399.38,641366.615,1240882.3312118836
ASSOCIAÃÃO POLICIAL DE ASSISTENCIA A SAUDE DE BOTUCATU,SP,7090575.78,1181762.6300000001,1613436.6729672237
CAMIM OPERADORA DE PLANO DE SAÃDE LTDA,RJ,6841382.25,2280460.75,1128243.6088234968
PLANO DE ASSISTÃNCIA MÃDICA MINEIRA LTDA,MG,6838203.420000001,455880.22800000006,608793.610698801
SAMIG - SERV. DE ASSISTENCIA MEDICA DA ILHA DO GOVERNADOR LTDA,RJ,6683049.84,835381.23,838485.9280190008
SD-M OPERADORA DE PLANOS DE SAUDE LTDA,RJ,6579997.8,2193332.6,1174657.9838305176
BENEFICENCIA SOCIAL BOM SAMARITANO,MG,6255717.28,208523.90933333334,371144.9525707083
SANTA CASA DE MISERICÃRDIA E ASILO DOS POBRES DE BATATAIS,SP,6128391.14,149472.95463414633,274224.18567541277
VALE PLANOS DE SAÃDE LTDA,PE,5974993.62,1194998.724,657761.7235813488
HSMED SAUDE LTDA,RJ,5819063.140000001,277098.2447619048,371676.64941328263
"ASSOCIAÃÃO DOS SERVIDORES MUNICIPAIS, ESTADUAIS E FEDERAIS DO RIO DE JANEIRO",RJ,5188083.6,864680.6,605581.5496236169
UNIODONTO RS FEDERACAO DAS UNIODONTOS DO RGS LTDA,RS,5057805.38,421483.7816666667,533483.07252159
COOPERATIVA DE TRABALHO ODONTOLOGICO - UNIODONTO ITAJUBÃ,MG,4776336.3,398028.02499999997,473669.6059897728
ODONTOLIVE OPERADORA DE PLANOS ODONTOLÃGICOS LTDA.,SP,4747359.26,791226.5433333333,461364.9683915459
YOU ASSISTÃNCIA MÃDICA LTDA.,MG,4701165.29,1567055.0966666667,505935.01159502286
ODONT-OPERADORA ODONTOLOGICA LTDA,SP,4653086.66,310205.77733333333,393724.0141128044
ASSOCIAÃÃO DOS FISCAIS DE TRIBUTOS ESTADUAIS DO RS - AFISVEC,RS,4599453.97,574931.74625,859019.8264262193
SALUSMED OPERADORA DE PLANOS DE SAUDE LTDA,SP,4560392.5600000005,760065.4266666668,922692.9499825982
"ASSOC DE ASSIST Ã SAÃDE DOS SERV DAS UNIV E INST FED, EST E/OU FAC PART EM PE",PE,4518150.75,903630.15,924249.8920043217
UNIMED DE BATATAIS - COOPERATIVA DE TRABALHO MÃDICO,SP,4339935.58,154997.69928571428,248621.1410279779
ÃNIX OPERADORA DE PLANOS DE SAÃDE LTDA,RJ,4134572.2199999997,344547.685,330097.371803689
ASSOCIAÃÃO PADRE PIO PLANOS DE SAÃDE,SP,4125857.6700000004,687642.9450000001,842352.9430355432
ASSOCIAÃÃO SERVIÃOS ODONTOLÃGICOS DA INDÃSTRIA DE MINAS GERAIS - ODONTOINDUSTRIA,MG,3896791.72,1298930.5733333335,713295.1443642305
PLANO DE ASSISTÃNCIA ODONTOLÃGICA FAUCHARD LTDA. ME,BA,3784816.51,1261605.5033333332,672241.8400197611
UNIODONTO DE ARARAQUARA COOPERATIVA ODONTOLÃGICA,SP,3779733.39,314977.78250000003,525197.3699032472
UNIODONTO DE JUNDIAÃ COOPERATIVA ODONTOLÃGICA,SP,3644318.94,404924.32666666666,259905.46393538656
HEALTH-MED SISTEMA DE SAUDE LTDA,RJ,3432498.41,286041.5341666667,397743.2394628098
CAIXA SEGURADORA ESPECIALIZADA EM SAÃDE S/A,SP,3383135.48,845783.87,835092.8412985028
UNIODONTO UBERABA - COOPERATIVA DE ASSISTÃNCIA Ã SAÃDE ODONTOLÃGICA LTDA,MG,3158513.6799999997,394814.20999999996,373158.01665087964
QUALIDONTO - QUALIDADE EM ODONTOLOGIA LTDA ,BA,3065773.0700000003,1021924.3566666668,639803.2835273672
PD BRASIL ASSISTENCIA ODONTOLOGICA LTDA,MG,2647549.59,441258.26499999996,349579.3664855838
HOSPITAL DE CARIDADE SÃO VICENTE DE PAULO,PR,2552772.79,425462.13166666665,91006.52884263932
BLUZZ SAÃDE S/A,ES,2432983.38,152061.46125,292973.2471296231
DENTAL CENTER LTDA,PB,2151546.85,717182.2833333333,384231.95299522293
SAME-SERVIÃO DE ASSISTÃNCIA MÃDICA EMPRESARIAL LTDA.,MA,2050555.54,341759.25666666665,424131.24437504326
ODILE SERVIÃOS DE SAÃDE LTDA.,SP,1893381.6099999999,631127.2033333333,329382.8224812041
UNIODONTO DE LONDRINA COOP. ODONTOLÃGICA,PR,1723954.62,123139.61571428573,112789.32817446887
INNOVA PLANO DE SAUDE LTDA,RO,1723509.58,861754.79,783899.2281616452
CROWN ODONTOLOGIA DE GRUPO LTDA,SP,1643257.91,410814.4775,367304.7539175501
INFINITY SAÃDE SUPLEMENTAR LTDA,MT,1520550.88,253425.14666666664,350075.1852644799
BRASIL ODONTO OPERADORA DE PLANOS ODONTOLÃGICOS LTDA,TO,1107862.35,369287.45,158470.8042944564
SANTA CASA DA MISERICÃRDIA DE SÃO JOÃO DEL REI,MG,1022395.2799999999,113599.47555555555,125380.46427886194
ODONTO PRIME S/S LTDA,CE,937985.75,312661.9166666667,162963.57635988368
BEMSTAR ASSISTENCIA MEDICA LTDA,BA,916748.11,183349.622,121832.27981572934
EXCELÃNCIA PLANO DE SAÃDE S/A,ES,831396.27,207849.0675,269652.87598217174
ZURICH SANTANDER BRASIL ODONTO LTDA.,SP,800285.8099999999,133380.96833333332,16224.702033751388
ALMA ODONTO OPERADORA DE PLANOS ODONTOLOGICOS LTDA,SP,792655.56,264218.52,121212.61202047375
PLANO SIGMA SAÃDE LTDA,SP,758538.0,379269.0,3980.601056147204
POLIMÃDICA SAÃDE SOCIEDADE SIMPLES LTDA,RS,756570.72,108081.53142857143,132356.56855300427
G & M ASSESSORIA MEDICA EMPRESARIAL LTDA,RJ,739618.47,49307.898,86856.57942169017
ASSISTÃNCIA MÃDICA 12 DE OUTUBRO LTDA,SP,696205.41,232068.47,141523.9511463639
SAUDIA ASSISTENCIA MÃDICA LTDA,MG,692189.02,86523.6275,106297.93221873211
SMART CARE SISTEMAS MÃDICOS E ODONTOLÃGICOS LTDA.,SP,572922.1,286461.05,0.0
LIVRI OPERADORA DE PLANO DE SAÃDE LTDA,SP,310429.39,103476.46333333333,49493.95300155398
CLÃNICA SÃO GABRIEL S/S LTDA,SP,201170.7,40234.14,21096.92303700708
UNIODONTO DE MATO GROSSO COOP TRAB ODONTOLOGICO LTDA,MT,180681.1,36136.22,40519.92187760238
SAGRADA SAÃDE ASSISTÃNCIA MÃDICA LTDA,MG,117168.13,39056.043333333335,37723.4329504306
CAIXA DE ASSISTÃNCIA DOS EMPREGADOS DO SETOR PÃBLICO DO ESTADO DE GOIÃS - CAEME,GO,61600.83,20533.61,8292.991049681652
SAUDE SALV ASSISTENCIA MEDICA LTDA,RO,35715.45,35715.45,
SORRIDEN CONVÃNIOS ODONTOLÃGICOS S.A.,SP,30169.0,10056.333333333334,3422.4206935053057
UNIMED PARAIBA - FEDERAÃAO DAS SOCIEDADES COOPERATIVAS DE TRABALHO MEDICO,PB,6666.950000000001,2222.316666666667,1963.0181113360452
ARL ADMINISTRADORA DE BENEFÃCIOS LTDA.,SP,5680.0,2840.0,0.0
